{
  "Component-preload.js": 1754417649396,
  "test/integration/pages/CustomerObjectPage.js": 1754321966146,
  "test/integration/pages/CustomerList.js": 1754321966142,
  "test/integration/opaTests.qunit.js": 1754321966142,
  "test/integration/FirstJourney.js": 1754321966146,
  "test/testsuite.qunit.js": 1754321966138,
  "xs-app.json": 1754416414089,
  "manifest.json": 1754331081023,
  "Component.js": 1754321966130,
  "test/testsuite.qunit-dbg.js": 1754321966138,
  "test/testsuite.qunit.js.map": 1754417649206,
  "test/integration/pages/CustomerList-dbg.js": 1754321966142,
  "test/integration/pages/CustomerList.js.map": 1754417649206,
  "test/integration/opaTests.qunit-dbg.js": 1754321966142,
  "test/integration/opaTests.qunit.js.map": 1754417649207,
  "test/integration/FirstJourney-dbg.js": 1754321966146,
  "test/integration/FirstJourney.js.map": 1754417649213,
  "test/integration/pages/CustomerObjectPage-dbg.js": 1754321966146,
  "test/integration/pages/CustomerObjectPage.js.map": 1754417649208,
  "Component-dbg.js": 1754321966130,
  "Component.js.map": 1754417649209,
  "i18n/i18n.properties": 1754322162527,
  "Component-preload.js.map": 1754417649396,
  "test/integration/opaTests.qunit.html": 1754321966142,
  "test/testsuite.qunit.html": 1754321966138,
  "test/flpSandbox.html": 1754321966138,
  "index.html": 1754321966130
}